{"v":"5.3.4","fr":25,"ip":0,"op":70,"w":800,"h":800,"nm":"coin","ddd":0,"assets":[{"id":"comp_0","layers":[{"ddd":0,"ind":1,"ty":4,"nm":"外圈 4","td":1,"sr":1,"ks":{"o":{"a":0,"k":100,"ix":11},"r":{"a":1,"k":[{"i":{"x":[0.667],"y":[0.496]},"o":{"x":[0.333],"y":[0]},"n":["0p667_0p496_0p333_0"],"t":0,"s":[0],"e":[100]},{"t":30}],"ix":10},"p":{"a":0,"k":[415,367,0],"ix":2},"a":{"a":0,"k":[416,367,0],"ix":1},"s":{"a":1,"k":[{"i":{"x":[0.667,0.667,0.667],"y":[1,1,1]},"o":{"x":[0.333,0.333,0.333],"y":[0,0,0]},"n":["0p667_1_0p333_0","0p667_1_0p333_0","0p667_1_0p333_0"],"t":0,"s":[100,100,100],"e":[0,100,100]},{"t":30}],"ix":6}},"ao":0,"shapes":[{"ty":"gr","it":[{"ty":"tr","p":{"a":0,"k":[414.895,354.395],"ix":2},"a":{"a":0,"k":[414.895,354.395],"ix":1},"s":{"a":0,"k":[100,100],"ix":3},"r":{"a":0,"k":0,"ix":6},"o":{"a":0,"k":100,"ix":7},"sk":{"a":0,"k":0,"ix":4},"sa":{"a":0,"k":0,"ix":5},"nm":"Transform"}],"nm":"Group 1","np":0,"cix":2,"ix":1,"mn":"ADBE Vector Group","hd":false},{"ty":"gr","it":[{"ty":"gr","it":[{"ind":0,"ty":"sh","ix":1,"ks":{"a":0,"k":{"i":[[58.637,0],[0,58.637],[-58.636,0],[0,-58.636]],"o":[[-58.636,0],[0,-58.636],[58.637,0],[0,58.637]],"v":[[0,106.171],[-106.17,0],[0,-106.17],[106.171,0]],"c":true},"ix":2},"nm":"Path 1","mn":"ADBE Vector Shape - Group","hd":false},{"ind":1,"ty":"sh","ix":2,"ks":{"a":0,"k":{"i":[[78.701,0],[0,-78.7],[-78.7,0],[0,78.701]],"o":[[-78.7,0],[0,78.701],[78.701,0],[0,-78.7]],"v":[[0,-142.5],[-142.5,0],[0,142.5],[142.5,0]],"c":true},"ix":2},"nm":"Path 2","mn":"ADBE Vector Shape - Group","hd":false},{"ty":"mm","mm":1,"nm":"Merge Paths 1","mn":"ADBE Vector Filter - Merge","hd":false},{"ty":"fl","c":{"a":0,"k":[1,0.827000038297,0.277999997606,1],"ix":4},"o":{"a":0,"k":100,"ix":5},"r":1,"nm":"Fill 1","mn":"ADBE Vector Graphic - Fill","hd":false},{"ty":"tr","p":{"a":0,"k":[413.967,365.91],"ix":2},"a":{"a":0,"k":[0,0],"ix":1},"s":{"a":0,"k":[100,100],"ix":3},"r":{"a":0,"k":0,"ix":6},"o":{"a":0,"k":100,"ix":7},"sk":{"a":0,"k":0,"ix":4},"sa":{"a":0,"k":0,"ix":5},"nm":"Transform"}],"nm":"Group 1","np":4,"cix":2,"ix":1,"mn":"ADBE Vector Group","hd":false},{"ty":"gr","it":[{"ind":0,"ty":"sh","ix":1,"ks":{"a":0,"k":{"i":[[0,0],[0,0],[0,0],[6.717,0],[3.677,5.344],[0,10.688],[0,0],[-3.53,5.491],[-6.472,0],[-2.942,-2.549],[-0.883,-5.981],[0,0],[7.403,6.079],[13.335,0],[6.962,-4.266],[3.727,-7.893],[0,-10.54],[0,0],[-8.383,-8.58],[-14.022,0],[-7.647,2.696],[-3.971,4.412],[0,0],[0,0]],"o":[[0,0],[0,0],[-3.284,2.991],[-7.843,0],[-3.628,-5.393],[0,0],[0.049,-10.198],[3.53,-5.491],[5.392,0],[2.942,2.55],[0,0],[-1.226,-12.109],[-7.354,-6.128],[-9.119,0],[-6.913,4.216],[-3.725,7.844],[0,0],[0.589,15.297],[8.384,8.579],[9.119,0],[7.649,-2.696],[0,0],[0,0],[0,0]],"v":[[1.103,14.082],[19.046,14.082],[19.046,30.703],[4.044,35.188],[-13.237,27.173],[-18.679,3.052],[-18.679,-3.419],[-13.311,-26.952],[1.692,-35.189],[14.193,-31.366],[19.929,-18.569],[44.786,-18.569],[31.843,-45.853],[0.809,-55.044],[-23.312,-48.646],[-39.271,-30.482],[-44.859,-2.905],[-44.786,6.361],[-31.328,42.176],[2.28,55.044],[27.43,51],[44.859,40.337],[44.859,-3.641],[1.103,-3.641]],"c":true},"ix":2},"nm":"Path 1","mn":"ADBE Vector Shape - Group","hd":false},{"ty":"fl","c":{"a":0,"k":[1,0.827000038297,0.277999997606,1],"ix":4},"o":{"a":0,"k":100,"ix":5},"r":1,"nm":"Fill 1","mn":"ADBE Vector Graphic - Fill","hd":false},{"ty":"tr","p":{"a":0,"k":[413.967,365.911],"ix":2},"a":{"a":0,"k":[0,0],"ix":1},"s":{"a":0,"k":[100,100],"ix":3},"r":{"a":0,"k":0,"ix":6},"o":{"a":0,"k":100,"ix":7},"sk":{"a":0,"k":0,"ix":4},"sa":{"a":0,"k":0,"ix":5},"nm":"Transform"}],"nm":"Group 2","np":2,"cix":2,"ix":2,"mn":"ADBE Vector Group","hd":false},{"ty":"tr","p":{"a":0,"k":[413.967,365.91],"ix":2},"a":{"a":0,"k":[413.967,365.91],"ix":1},"s":{"a":0,"k":[98,98],"ix":3},"r":{"a":0,"k":0,"ix":6},"o":{"a":0,"k":100,"ix":7},"sk":{"a":0,"k":0,"ix":4},"sa":{"a":0,"k":0,"ix":5},"nm":"Transform"}],"nm":"外圈","np":2,"cix":2,"ix":2,"mn":"ADBE Vector Group","hd":false}],"ip":0,"op":70,"st":0,"bm":0},{"ddd":0,"ind":2,"ty":4,"nm":"Shape Layer 1","parent":3,"tt":1,"sr":1,"ks":{"o":{"a":0,"k":100,"ix":11},"r":{"a":0,"k":33,"ix":10},"p":{"s":true,"x":{"a":1,"k":[{"i":{"x":[0.698],"y":[1]},"o":{"x":[0.23],"y":[0]},"n":["0p698_1_0p23_0"],"t":0,"s":[217],"e":[642.878]},{"t":30}],"ix":3},"y":{"a":1,"k":[{"i":{"x":[0.7],"y":[1]},"o":{"x":[0.228],"y":[0]},"n":["0p7_1_0p228_0"],"t":0,"s":[248],"e":[463.004]},{"t":30}],"ix":4}},"a":{"a":0,"k":[-6,-32,0],"ix":1},"s":{"a":0,"k":[108,156,100],"ix":6}},"ao":0,"shapes":[{"ty":"gr","it":[{"ty":"rc","d":1,"s":{"a":0,"k":[93.484,321.766],"ix":2},"p":{"a":0,"k":[0,0],"ix":3},"r":{"a":0,"k":0,"ix":4},"nm":"Rectangle Path 1","mn":"ADBE Vector Shape - Rect","hd":false},{"ty":"st","c":{"a":0,"k":[1,1,1,1],"ix":3},"o":{"a":0,"k":100,"ix":4},"w":{"a":0,"k":0,"ix":5},"lc":1,"lj":1,"ml":4,"ml2":{"a":0,"k":4,"ix":8},"nm":"Stroke 1","mn":"ADBE Vector Graphic - Stroke","hd":true},{"ty":"fl","c":{"a":0,"k":[1,1,1,1],"ix":4},"o":{"a":0,"k":100,"ix":5},"r":1,"nm":"Fill 1","mn":"ADBE Vector Graphic - Fill","hd":false},{"ty":"tr","p":{"a":0,"k":[52.234,-33.195],"ix":2},"a":{"a":0,"k":[0,0],"ix":1},"s":{"a":0,"k":[20.325,100],"ix":3},"r":{"a":0,"k":0,"ix":6},"o":{"a":0,"k":100,"ix":7},"sk":{"a":0,"k":0,"ix":4},"sa":{"a":0,"k":0,"ix":5},"nm":"Transform"}],"nm":"Rectangle 2","np":3,"cix":2,"ix":1,"mn":"ADBE Vector Group","hd":false},{"ty":"gr","it":[{"ty":"rc","d":1,"s":{"a":0,"k":[93.484,321.766],"ix":2},"p":{"a":0,"k":[0,0],"ix":3},"r":{"a":0,"k":0,"ix":4},"nm":"Rectangle Path 1","mn":"ADBE Vector Shape - Rect","hd":false},{"ty":"st","c":{"a":0,"k":[1,1,1,1],"ix":3},"o":{"a":0,"k":100,"ix":4},"w":{"a":0,"k":0,"ix":5},"lc":1,"lj":1,"ml":4,"ml2":{"a":0,"k":4,"ix":8},"nm":"Stroke 1","mn":"ADBE Vector Graphic - Stroke","hd":true},{"ty":"fl","c":{"a":0,"k":[1,1,1,1],"ix":4},"o":{"a":0,"k":100,"ix":5},"r":1,"nm":"Fill 1","mn":"ADBE Vector Graphic - Fill","hd":false},{"ty":"tr","p":{"a":0,"k":[-9.258,-33.117],"ix":2},"a":{"a":0,"k":[0,0],"ix":1},"s":{"a":0,"k":[78.678,100],"ix":3},"r":{"a":0,"k":0,"ix":6},"o":{"a":0,"k":100,"ix":7},"sk":{"a":0,"k":0,"ix":4},"sa":{"a":0,"k":0,"ix":5},"nm":"Transform"}],"nm":"Rectangle 1","np":3,"cix":2,"ix":2,"mn":"ADBE Vector Group","hd":false}],"ip":0,"op":70,"st":0,"bm":0},{"ddd":0,"ind":3,"ty":4,"nm":"外圈","sr":1,"ks":{"o":{"a":0,"k":100,"ix":11},"r":{"a":1,"k":[{"i":{"x":[0.667],"y":[0.496]},"o":{"x":[0.333],"y":[0]},"n":["0p667_0p496_0p333_0"],"t":0,"s":[0],"e":[100]},{"t":30}],"ix":10},"p":{"a":0,"k":[415,367,0],"ix":2},"a":{"a":0,"k":[416,367,0],"ix":1},"s":{"a":1,"k":[{"i":{"x":[0.667,0.667,0.667],"y":[1,1,1]},"o":{"x":[0.333,0.333,0.333],"y":[0,0,0]},"n":["0p667_1_0p333_0","0p667_1_0p333_0","0p667_1_0p333_0"],"t":0,"s":[100,100,100],"e":[0,100,100]},{"t":30}],"ix":6}},"ao":0,"shapes":[{"ty":"gr","it":[{"ty":"tr","p":{"a":0,"k":[414.895,354.395],"ix":2},"a":{"a":0,"k":[414.895,354.395],"ix":1},"s":{"a":0,"k":[100,100],"ix":3},"r":{"a":0,"k":0,"ix":6},"o":{"a":0,"k":100,"ix":7},"sk":{"a":0,"k":0,"ix":4},"sa":{"a":0,"k":0,"ix":5},"nm":"Transform"}],"nm":"Group 1","np":0,"cix":2,"ix":1,"mn":"ADBE Vector Group","hd":false},{"ty":"gr","it":[{"ty":"gr","it":[{"ind":0,"ty":"sh","ix":1,"ks":{"a":0,"k":{"i":[[58.637,0],[0,58.637],[-58.636,0],[0,-58.636]],"o":[[-58.636,0],[0,-58.636],[58.637,0],[0,58.637]],"v":[[0,106.171],[-106.17,0],[0,-106.17],[106.171,0]],"c":true},"ix":2},"nm":"Path 1","mn":"ADBE Vector Shape - Group","hd":false},{"ind":1,"ty":"sh","ix":2,"ks":{"a":0,"k":{"i":[[78.701,0],[0,-78.7],[-78.7,0],[0,78.701]],"o":[[-78.7,0],[0,78.701],[78.701,0],[0,-78.7]],"v":[[0,-142.5],[-142.5,0],[0,142.5],[142.5,0]],"c":true},"ix":2},"nm":"Path 2","mn":"ADBE Vector Shape - Group","hd":false},{"ty":"mm","mm":1,"nm":"Merge Paths 1","mn":"ADBE Vector Filter - Merge","hd":false},{"ty":"fl","c":{"a":0,"k":[1,0.827000038297,0.277999997606,1],"ix":4},"o":{"a":0,"k":100,"ix":5},"r":1,"nm":"Fill 1","mn":"ADBE Vector Graphic - Fill","hd":false},{"ty":"tr","p":{"a":0,"k":[413.967,365.91],"ix":2},"a":{"a":0,"k":[0,0],"ix":1},"s":{"a":0,"k":[100,100],"ix":3},"r":{"a":0,"k":0,"ix":6},"o":{"a":0,"k":100,"ix":7},"sk":{"a":0,"k":0,"ix":4},"sa":{"a":0,"k":0,"ix":5},"nm":"Transform"}],"nm":"Group 1","np":4,"cix":2,"ix":1,"mn":"ADBE Vector Group","hd":false},{"ty":"gr","it":[{"ind":0,"ty":"sh","ix":1,"ks":{"a":0,"k":{"i":[[0,0],[0,0],[0,0],[6.717,0],[3.677,5.344],[0,10.688],[0,0],[-3.53,5.491],[-6.472,0],[-2.942,-2.549],[-0.883,-5.981],[0,0],[7.403,6.079],[13.335,0],[6.962,-4.266],[3.727,-7.893],[0,-10.54],[0,0],[-8.383,-8.58],[-14.022,0],[-7.647,2.696],[-3.971,4.412],[0,0],[0,0]],"o":[[0,0],[0,0],[-3.284,2.991],[-7.843,0],[-3.628,-5.393],[0,0],[0.049,-10.198],[3.53,-5.491],[5.392,0],[2.942,2.55],[0,0],[-1.226,-12.109],[-7.354,-6.128],[-9.119,0],[-6.913,4.216],[-3.725,7.844],[0,0],[0.589,15.297],[8.384,8.579],[9.119,0],[7.649,-2.696],[0,0],[0,0],[0,0]],"v":[[1.103,14.082],[19.046,14.082],[19.046,30.703],[4.044,35.188],[-13.237,27.173],[-18.679,3.052],[-18.679,-3.419],[-13.311,-26.952],[1.692,-35.189],[14.193,-31.366],[19.929,-18.569],[44.786,-18.569],[31.843,-45.853],[0.809,-55.044],[-23.312,-48.646],[-39.271,-30.482],[-44.859,-2.905],[-44.786,6.361],[-31.328,42.176],[2.28,55.044],[27.43,51],[44.859,40.337],[44.859,-3.641],[1.103,-3.641]],"c":true},"ix":2},"nm":"Path 1","mn":"ADBE Vector Shape - Group","hd":false},{"ty":"fl","c":{"a":0,"k":[1,0.827000038297,0.277999997606,1],"ix":4},"o":{"a":0,"k":100,"ix":5},"r":1,"nm":"Fill 1","mn":"ADBE Vector Graphic - Fill","hd":false},{"ty":"tr","p":{"a":0,"k":[413.967,365.911],"ix":2},"a":{"a":0,"k":[0,0],"ix":1},"s":{"a":0,"k":[100,100],"ix":3},"r":{"a":0,"k":0,"ix":6},"o":{"a":0,"k":100,"ix":7},"sk":{"a":0,"k":0,"ix":4},"sa":{"a":0,"k":0,"ix":5},"nm":"Transform"}],"nm":"Group 2","np":2,"cix":2,"ix":2,"mn":"ADBE Vector Group","hd":false},{"ty":"tr","p":{"a":0,"k":[413.967,365.91],"ix":2},"a":{"a":0,"k":[413.967,365.91],"ix":1},"s":{"a":0,"k":[98,98],"ix":3},"r":{"a":0,"k":0,"ix":6},"o":{"a":0,"k":100,"ix":7},"sk":{"a":0,"k":0,"ix":4},"sa":{"a":0,"k":0,"ix":5},"nm":"Transform"}],"nm":"外圈","np":2,"cix":2,"ix":2,"mn":"ADBE Vector Group","hd":false},{"ty":"gr","it":[{"ty":"gr","it":[{"ind":0,"ty":"sh","ix":1,"ks":{"a":0,"k":{"i":[[58.637,0],[0,58.637],[-58.636,0],[0,-58.636]],"o":[[-58.636,0],[0,-58.636],[58.637,0],[0,58.637]],"v":[[0,106.171],[-106.17,0],[0,-106.17],[106.171,0]],"c":true},"ix":2},"nm":"Path 1","mn":"ADBE Vector Shape - Group","hd":false},{"ind":1,"ty":"sh","ix":2,"ks":{"a":1,"k":[{"i":{"x":0.667,"y":1},"o":{"x":0.333,"y":0},"n":"0p667_1_0p333_0","t":0,"s":[{"i":[[78.701,0],[0,-78.7],[-78.7,0],[0,78.701]],"o":[[-78.7,0],[0,78.701],[78.701,0],[0,-78.7]],"v":[[0,-142.5],[-142.5,0],[0,142.5],[142.5,0]],"c":true}],"e":[{"i":[[50.142,4.477],[0,-78.7],[-78.547,4.899],[0,78.701]],"o":[[-78.388,-6.999],[0,78.701],[50.308,-3.138],[0,-78.7]],"v":[[-6.669,-139.205],[-142.5,0],[-14.022,134.473],[109.787,-0.072]],"c":true}]},{"t":25}],"ix":2},"nm":"Path 2","mn":"ADBE Vector Shape - Group","hd":false},{"ty":"mm","mm":1,"nm":"Merge Paths 1","mn":"ADBE Vector Filter - Merge","hd":false},{"ty":"fl","c":{"a":0,"k":[0.886274516582,0.458823531866,0,1],"ix":4},"o":{"a":0,"k":100,"ix":5},"r":1,"nm":"Fill 1","mn":"ADBE Vector Graphic - Fill","hd":false},{"ty":"tr","p":{"a":0,"k":[413.967,365.91],"ix":2},"a":{"a":0,"k":[0,0],"ix":1},"s":{"a":0,"k":[100,100],"ix":3},"r":{"a":0,"k":0,"ix":6},"o":{"a":0,"k":100,"ix":7},"sk":{"a":0,"k":0,"ix":4},"sa":{"a":0,"k":0,"ix":5},"nm":"Transform"}],"nm":"Group 1","np":4,"cix":2,"ix":1,"mn":"ADBE Vector Group","hd":false},{"ty":"gr","it":[{"ind":0,"ty":"sh","ix":1,"ks":{"a":0,"k":{"i":[[0,0],[0,0],[0,0],[6.717,0],[3.677,5.344],[0,10.688],[0,0],[-3.53,5.491],[-6.472,0],[-2.942,-2.549],[-0.883,-5.981],[0,0],[7.403,6.079],[13.335,0],[6.962,-4.266],[3.727,-7.893],[0,-10.54],[0,0],[-8.383,-8.58],[-14.022,0],[-7.647,2.696],[-3.971,4.412],[0,0],[0,0]],"o":[[0,0],[0,0],[-3.284,2.991],[-7.843,0],[-3.628,-5.393],[0,0],[0.049,-10.198],[3.53,-5.491],[5.392,0],[2.942,2.55],[0,0],[-1.226,-12.109],[-7.354,-6.128],[-9.119,0],[-6.913,4.216],[-3.725,7.844],[0,0],[0.589,15.297],[8.384,8.579],[9.119,0],[7.649,-2.696],[0,0],[0,0],[0,0]],"v":[[1.103,14.082],[19.046,14.082],[19.046,30.703],[4.044,35.188],[-13.237,27.173],[-18.679,3.052],[-18.679,-3.419],[-13.311,-26.952],[1.692,-35.189],[14.193,-31.366],[19.929,-18.569],[44.786,-18.569],[31.843,-45.853],[0.809,-55.044],[-23.312,-48.646],[-39.271,-30.482],[-44.859,-2.905],[-44.786,6.361],[-31.328,42.176],[2.28,55.044],[27.43,51],[44.859,40.337],[44.859,-3.641],[1.103,-3.641]],"c":true},"ix":2},"nm":"Path 1","mn":"ADBE Vector Shape - Group","hd":false},{"ty":"fl","c":{"a":0,"k":[0.887653172016,0.460714846849,0,1],"ix":4},"o":{"a":0,"k":100,"ix":5},"r":1,"nm":"Fill 1","mn":"ADBE Vector Graphic - Fill","hd":false},{"ty":"tr","p":{"a":0,"k":[413.967,365.911],"ix":2},"a":{"a":0,"k":[0,0],"ix":1},"s":{"a":0,"k":[100,100],"ix":3},"r":{"a":0,"k":0,"ix":6},"o":{"a":0,"k":100,"ix":7},"sk":{"a":0,"k":0,"ix":4},"sa":{"a":0,"k":0,"ix":5},"nm":"Transform"}],"nm":"Group 2","np":2,"cix":2,"ix":2,"mn":"ADBE Vector Group","hd":false},{"ty":"st","c":{"a":0,"k":[1,1,1,1],"ix":3},"o":{"a":0,"k":100,"ix":4},"w":{"a":0,"k":4,"ix":5},"lc":1,"lj":1,"ml":4,"ml2":{"a":0,"k":4,"ix":8},"nm":"Stroke 1","mn":"ADBE Vector Graphic - Stroke","hd":true},{"ty":"tr","p":{"a":1,"k":[{"i":{"x":0.667,"y":1},"o":{"x":0.333,"y":0},"n":"0p667_1_0p333_0","t":0,"s":[414.967,365.91],"e":[441.967,370.91],"to":[4.5,0.83333331346512],"ti":[-4.5,-0.83333331346512]},{"t":25}],"ix":2},"a":{"a":0,"k":[413.967,365.91],"ix":1},"s":{"a":0,"k":[100,100],"ix":3},"r":{"a":0,"k":0,"ix":6},"o":{"a":0,"k":100,"ix":7},"sk":{"a":0,"k":0,"ix":4},"sa":{"a":0,"k":0,"ix":5},"nm":"Transform"}],"nm":"外圈 -投影","np":3,"cix":2,"ix":3,"mn":"ADBE Vector Group","hd":false}],"ip":0,"op":70,"st":0,"bm":0},{"ddd":0,"ind":4,"ty":4,"nm":"外圈 3","td":1,"sr":1,"ks":{"o":{"a":0,"k":100,"ix":11},"r":{"a":1,"k":[{"i":{"x":[0.667],"y":[1]},"o":{"x":[0.335],"y":[0.504]},"n":["0p667_1_0p335_0p504"],"t":30,"s":[100],"e":[180]},{"t":68}],"ix":10},"p":{"a":0,"k":[410.5,404.5,0],"ix":2},"a":{"a":0,"k":[416,367,0],"ix":1},"s":{"a":1,"k":[{"i":{"x":[0.667,0.667,0.667],"y":[1,1,1]},"o":{"x":[0.333,0.333,0.333],"y":[0,0,0]},"n":["0p667_1_0p333_0","0p667_1_0p333_0","0p667_1_0p333_0"],"t":30,"s":[0,-100,100],"e":[-100,-100,100]},{"t":68}],"ix":6}},"ao":0,"shapes":[{"ty":"gr","it":[{"ty":"tr","p":{"a":0,"k":[414.895,354.395],"ix":2},"a":{"a":0,"k":[414.895,354.395],"ix":1},"s":{"a":0,"k":[100,100],"ix":3},"r":{"a":0,"k":0,"ix":6},"o":{"a":0,"k":100,"ix":7},"sk":{"a":0,"k":0,"ix":4},"sa":{"a":0,"k":0,"ix":5},"nm":"Transform"}],"nm":"Group 1","np":0,"cix":2,"ix":1,"mn":"ADBE Vector Group","hd":false},{"ty":"gr","it":[{"ty":"gr","it":[{"ind":0,"ty":"sh","ix":1,"ks":{"a":0,"k":{"i":[[58.637,0],[0,58.637],[-58.636,0],[0,-58.636]],"o":[[-58.636,0],[0,-58.636],[58.637,0],[0,58.637]],"v":[[0,106.171],[-106.17,0],[0,-106.17],[106.171,0]],"c":true},"ix":2},"nm":"Path 1","mn":"ADBE Vector Shape - Group","hd":false},{"ind":1,"ty":"sh","ix":2,"ks":{"a":0,"k":{"i":[[78.701,0],[0,-78.7],[-78.7,0],[0,78.701]],"o":[[-78.7,0],[0,78.701],[78.701,0],[0,-78.7]],"v":[[0,-142.5],[-142.5,0],[0,142.5],[142.5,0]],"c":true},"ix":2},"nm":"Path 2","mn":"ADBE Vector Shape - Group","hd":false},{"ty":"mm","mm":1,"nm":"Merge Paths 1","mn":"ADBE Vector Filter - Merge","hd":false},{"ty":"fl","c":{"a":0,"k":[1,0.827000038297,0.277999997606,1],"ix":4},"o":{"a":0,"k":100,"ix":5},"r":1,"nm":"Fill 1","mn":"ADBE Vector Graphic - Fill","hd":false},{"ty":"tr","p":{"a":0,"k":[413.967,365.91],"ix":2},"a":{"a":0,"k":[0,0],"ix":1},"s":{"a":0,"k":[100,100],"ix":3},"r":{"a":0,"k":0,"ix":6},"o":{"a":0,"k":100,"ix":7},"sk":{"a":0,"k":0,"ix":4},"sa":{"a":0,"k":0,"ix":5},"nm":"Transform"}],"nm":"Group 1","np":4,"cix":2,"ix":1,"mn":"ADBE Vector Group","hd":false},{"ty":"gr","it":[{"ind":0,"ty":"sh","ix":1,"ks":{"a":0,"k":{"i":[[0,0],[0,0],[0,0],[6.717,0],[3.677,5.344],[0,10.688],[0,0],[-3.53,5.491],[-6.472,0],[-2.942,-2.549],[-0.883,-5.981],[0,0],[7.403,6.079],[13.335,0],[6.962,-4.266],[3.727,-7.893],[0,-10.54],[0,0],[-8.383,-8.58],[-14.022,0],[-7.647,2.696],[-3.971,4.412],[0,0],[0,0]],"o":[[0,0],[0,0],[-3.284,2.991],[-7.843,0],[-3.628,-5.393],[0,0],[0.049,-10.198],[3.53,-5.491],[5.392,0],[2.942,2.55],[0,0],[-1.226,-12.109],[-7.354,-6.128],[-9.119,0],[-6.913,4.216],[-3.725,7.844],[0,0],[0.589,15.297],[8.384,8.579],[9.119,0],[7.649,-2.696],[0,0],[0,0],[0,0]],"v":[[1.103,14.082],[19.046,14.082],[19.046,30.703],[4.044,35.188],[-13.237,27.173],[-18.679,3.052],[-18.679,-3.419],[-13.311,-26.952],[1.692,-35.189],[14.193,-31.366],[19.929,-18.569],[44.786,-18.569],[31.843,-45.853],[0.809,-55.044],[-23.312,-48.646],[-39.271,-30.482],[-44.859,-2.905],[-44.786,6.361],[-31.328,42.176],[2.28,55.044],[27.43,51],[44.859,40.337],[44.859,-3.641],[1.103,-3.641]],"c":true},"ix":2},"nm":"Path 1","mn":"ADBE Vector Shape - Group","hd":false},{"ty":"fl","c":{"a":0,"k":[1,0.827000038297,0.277999997606,1],"ix":4},"o":{"a":0,"k":100,"ix":5},"r":1,"nm":"Fill 1","mn":"ADBE Vector Graphic - Fill","hd":false},{"ty":"tr","p":{"a":0,"k":[413.967,365.911],"ix":2},"a":{"a":0,"k":[0,0],"ix":1},"s":{"a":0,"k":[100,100],"ix":3},"r":{"a":0,"k":0,"ix":6},"o":{"a":0,"k":100,"ix":7},"sk":{"a":0,"k":0,"ix":4},"sa":{"a":0,"k":0,"ix":5},"nm":"Transform"}],"nm":"Group 2","np":2,"cix":2,"ix":2,"mn":"ADBE Vector Group","hd":false},{"ty":"tr","p":{"a":0,"k":[413.967,365.91],"ix":2},"a":{"a":0,"k":[413.967,365.91],"ix":1},"s":{"a":0,"k":[98,98],"ix":3},"r":{"a":0,"k":0,"ix":6},"o":{"a":0,"k":100,"ix":7},"sk":{"a":0,"k":0,"ix":4},"sa":{"a":0,"k":0,"ix":5},"nm":"Transform"}],"nm":"外圈","np":2,"cix":2,"ix":2,"mn":"ADBE Vector Group","hd":false}],"ip":0,"op":70,"st":0,"bm":0},{"ddd":0,"ind":5,"ty":4,"nm":"Shape Layer 3","tt":1,"sr":1,"ks":{"o":{"a":0,"k":100,"ix":11},"r":{"a":0,"k":33,"ix":10},"p":{"s":true,"x":{"a":1,"k":[{"i":{"x":[0.698],"y":[1]},"o":{"x":[0.23],"y":[0]},"n":["0p698_1_0p23_0"],"t":30,"s":[217],"e":[642.878]},{"t":60}],"ix":3},"y":{"a":1,"k":[{"i":{"x":[0.7],"y":[1]},"o":{"x":[0.228],"y":[0]},"n":["0p7_1_0p228_0"],"t":30,"s":[248],"e":[463.004]},{"t":60}],"ix":4}},"a":{"a":0,"k":[-6,-32,0],"ix":1},"s":{"a":0,"k":[108,156,100],"ix":6}},"ao":0,"shapes":[{"ty":"gr","it":[{"ty":"rc","d":1,"s":{"a":0,"k":[93.484,321.766],"ix":2},"p":{"a":0,"k":[0,0],"ix":3},"r":{"a":0,"k":0,"ix":4},"nm":"Rectangle Path 1","mn":"ADBE Vector Shape - Rect","hd":false},{"ty":"st","c":{"a":0,"k":[1,1,1,1],"ix":3},"o":{"a":0,"k":100,"ix":4},"w":{"a":0,"k":0,"ix":5},"lc":1,"lj":1,"ml":4,"ml2":{"a":0,"k":4,"ix":8},"nm":"Stroke 1","mn":"ADBE Vector Graphic - Stroke","hd":true},{"ty":"fl","c":{"a":0,"k":[1,1,1,1],"ix":4},"o":{"a":0,"k":100,"ix":5},"r":1,"nm":"Fill 1","mn":"ADBE Vector Graphic - Fill","hd":false},{"ty":"tr","p":{"a":0,"k":[52.234,-33.195],"ix":2},"a":{"a":0,"k":[0,0],"ix":1},"s":{"a":0,"k":[20.325,100],"ix":3},"r":{"a":0,"k":0,"ix":6},"o":{"a":0,"k":100,"ix":7},"sk":{"a":0,"k":0,"ix":4},"sa":{"a":0,"k":0,"ix":5},"nm":"Transform"}],"nm":"Rectangle 2","np":3,"cix":2,"ix":1,"mn":"ADBE Vector Group","hd":false},{"ty":"gr","it":[{"ty":"rc","d":1,"s":{"a":0,"k":[93.484,321.766],"ix":2},"p":{"a":0,"k":[0,0],"ix":3},"r":{"a":0,"k":0,"ix":4},"nm":"Rectangle Path 1","mn":"ADBE Vector Shape - Rect","hd":false},{"ty":"st","c":{"a":0,"k":[1,1,1,1],"ix":3},"o":{"a":0,"k":100,"ix":4},"w":{"a":0,"k":0,"ix":5},"lc":1,"lj":1,"ml":4,"ml2":{"a":0,"k":4,"ix":8},"nm":"Stroke 1","mn":"ADBE Vector Graphic - Stroke","hd":true},{"ty":"fl","c":{"a":0,"k":[1,1,1,1],"ix":4},"o":{"a":0,"k":100,"ix":5},"r":1,"nm":"Fill 1","mn":"ADBE Vector Graphic - Fill","hd":false},{"ty":"tr","p":{"a":0,"k":[-9.258,-33.117],"ix":2},"a":{"a":0,"k":[0,0],"ix":1},"s":{"a":0,"k":[78.678,100],"ix":3},"r":{"a":0,"k":0,"ix":6},"o":{"a":0,"k":100,"ix":7},"sk":{"a":0,"k":0,"ix":4},"sa":{"a":0,"k":0,"ix":5},"nm":"Transform"}],"nm":"Rectangle 1","np":3,"cix":2,"ix":2,"mn":"ADBE Vector Group","hd":false}],"ip":30,"op":100,"st":30,"bm":0},{"ddd":0,"ind":6,"ty":4,"nm":"外圈 5","sr":1,"ks":{"o":{"a":0,"k":100,"ix":11},"r":{"a":1,"k":[{"i":{"x":[0.667],"y":[1]},"o":{"x":[0.335],"y":[0.504]},"n":["0p667_1_0p335_0p504"],"t":30,"s":[100],"e":[180]},{"t":68}],"ix":10},"p":{"a":0,"k":[410.5,404.5,0],"ix":2},"a":{"a":0,"k":[416,367,0],"ix":1},"s":{"a":1,"k":[{"i":{"x":[0.667,0.667,0.667],"y":[1,1,1]},"o":{"x":[0.333,0.333,0.333],"y":[0,0,0]},"n":["0p667_1_0p333_0","0p667_1_0p333_0","0p667_1_0p333_0"],"t":30,"s":[0,-100,100],"e":[-100,-100,100]},{"t":68}],"ix":6}},"ao":0,"shapes":[{"ty":"gr","it":[{"ty":"tr","p":{"a":0,"k":[414.895,354.395],"ix":2},"a":{"a":0,"k":[414.895,354.395],"ix":1},"s":{"a":0,"k":[100,100],"ix":3},"r":{"a":0,"k":0,"ix":6},"o":{"a":0,"k":100,"ix":7},"sk":{"a":0,"k":0,"ix":4},"sa":{"a":0,"k":0,"ix":5},"nm":"Transform"}],"nm":"Group 1","np":0,"cix":2,"ix":1,"mn":"ADBE Vector Group","hd":false},{"ty":"gr","it":[{"ty":"gr","it":[{"ind":0,"ty":"sh","ix":1,"ks":{"a":0,"k":{"i":[[58.637,0],[0,58.637],[-58.636,0],[0,-58.636]],"o":[[-58.636,0],[0,-58.636],[58.637,0],[0,58.637]],"v":[[0,106.171],[-106.17,0],[0,-106.17],[106.171,0]],"c":true},"ix":2},"nm":"Path 1","mn":"ADBE Vector Shape - Group","hd":false},{"ind":1,"ty":"sh","ix":2,"ks":{"a":0,"k":{"i":[[78.701,0],[0,-78.7],[-78.7,0],[0,78.701]],"o":[[-78.7,0],[0,78.701],[78.701,0],[0,-78.7]],"v":[[0,-142.5],[-142.5,0],[0,142.5],[142.5,0]],"c":true},"ix":2},"nm":"Path 2","mn":"ADBE Vector Shape - Group","hd":false},{"ty":"mm","mm":1,"nm":"Merge Paths 1","mn":"ADBE Vector Filter - Merge","hd":false},{"ty":"fl","c":{"a":0,"k":[1,0.827000038297,0.277999997606,1],"ix":4},"o":{"a":0,"k":100,"ix":5},"r":1,"nm":"Fill 1","mn":"ADBE Vector Graphic - Fill","hd":false},{"ty":"tr","p":{"a":0,"k":[413.967,365.91],"ix":2},"a":{"a":0,"k":[0,0],"ix":1},"s":{"a":0,"k":[100,100],"ix":3},"r":{"a":0,"k":0,"ix":6},"o":{"a":0,"k":100,"ix":7},"sk":{"a":0,"k":0,"ix":4},"sa":{"a":0,"k":0,"ix":5},"nm":"Transform"}],"nm":"Group 1","np":4,"cix":2,"ix":1,"mn":"ADBE Vector Group","hd":false},{"ty":"gr","it":[{"ind":0,"ty":"sh","ix":1,"ks":{"a":0,"k":{"i":[[0,0],[0,0],[0,0],[6.717,0],[3.677,5.344],[0,10.688],[0,0],[-3.53,5.491],[-6.472,0],[-2.942,-2.549],[-0.883,-5.981],[0,0],[7.403,6.079],[13.335,0],[6.962,-4.266],[3.727,-7.893],[0,-10.54],[0,0],[-8.383,-8.58],[-14.022,0],[-7.647,2.696],[-3.971,4.412],[0,0],[0,0]],"o":[[0,0],[0,0],[-3.284,2.991],[-7.843,0],[-3.628,-5.393],[0,0],[0.049,-10.198],[3.53,-5.491],[5.392,0],[2.942,2.55],[0,0],[-1.226,-12.109],[-7.354,-6.128],[-9.119,0],[-6.913,4.216],[-3.725,7.844],[0,0],[0.589,15.297],[8.384,8.579],[9.119,0],[7.649,-2.696],[0,0],[0,0],[0,0]],"v":[[1.103,14.082],[19.046,14.082],[19.046,30.703],[4.044,35.188],[-13.237,27.173],[-18.679,3.052],[-18.679,-3.419],[-13.311,-26.952],[1.692,-35.189],[14.193,-31.366],[19.929,-18.569],[44.786,-18.569],[31.843,-45.853],[0.809,-55.044],[-23.312,-48.646],[-39.271,-30.482],[-44.859,-2.905],[-44.786,6.361],[-31.328,42.176],[2.28,55.044],[27.43,51],[44.859,40.337],[44.859,-3.641],[1.103,-3.641]],"c":true},"ix":2},"nm":"Path 1","mn":"ADBE Vector Shape - Group","hd":false},{"ty":"fl","c":{"a":0,"k":[1,0.827000038297,0.277999997606,1],"ix":4},"o":{"a":0,"k":100,"ix":5},"r":1,"nm":"Fill 1","mn":"ADBE Vector Graphic - Fill","hd":false},{"ty":"tr","p":{"a":0,"k":[413.967,365.911],"ix":2},"a":{"a":0,"k":[0,0],"ix":1},"s":{"a":0,"k":[100,100],"ix":3},"r":{"a":0,"k":0,"ix":6},"o":{"a":0,"k":100,"ix":7},"sk":{"a":0,"k":0,"ix":4},"sa":{"a":0,"k":0,"ix":5},"nm":"Transform"}],"nm":"Group 2","np":2,"cix":2,"ix":2,"mn":"ADBE Vector Group","hd":false},{"ty":"tr","p":{"a":0,"k":[413.967,365.91],"ix":2},"a":{"a":0,"k":[413.967,365.91],"ix":1},"s":{"a":0,"k":[98,98],"ix":3},"r":{"a":0,"k":0,"ix":6},"o":{"a":0,"k":100,"ix":7},"sk":{"a":0,"k":0,"ix":4},"sa":{"a":0,"k":0,"ix":5},"nm":"Transform"}],"nm":"外圈","np":2,"cix":2,"ix":2,"mn":"ADBE Vector Group","hd":false},{"ty":"gr","it":[{"ty":"gr","it":[{"ind":0,"ty":"sh","ix":1,"ks":{"a":0,"k":{"i":[[58.637,0],[0,58.637],[-58.636,0],[0,-58.636]],"o":[[-58.636,0],[0,-58.636],[58.637,0],[0,58.637]],"v":[[0,106.171],[-106.17,0],[0,-106.17],[106.171,0]],"c":true},"ix":2},"nm":"Path 1","mn":"ADBE Vector Shape - Group","hd":false},{"ind":1,"ty":"sh","ix":2,"ks":{"a":1,"k":[{"i":{"x":0.667,"y":1},"o":{"x":0.333,"y":0},"n":"0p667_1_0p333_0","t":30,"s":[{"i":[[50.142,4.477],[0,-78.7],[-78.547,4.899],[0,78.701]],"o":[[-78.388,-6.999],[0,78.701],[50.308,-3.138],[0,-78.7]],"v":[[-6.669,-139.205],[-142.5,0],[-14.022,134.473],[109.787,-0.072]],"c":true}],"e":[{"i":[[78.701,0],[0,-78.7],[-78.7,0],[0,78.701]],"o":[[-78.7,0],[0,78.701],[78.701,0],[0,-78.7]],"v":[[0,-142.5],[-142.5,0],[0,142.5],[142.5,0]],"c":true}]},{"t":68}],"ix":2},"nm":"Path 2","mn":"ADBE Vector Shape - Group","hd":false},{"ty":"mm","mm":1,"nm":"Merge Paths 1","mn":"ADBE Vector Filter - Merge","hd":false},{"ty":"fl","c":{"a":0,"k":[0.886274516582,0.458823531866,0,1],"ix":4},"o":{"a":0,"k":100,"ix":5},"r":1,"nm":"Fill 1","mn":"ADBE Vector Graphic - Fill","hd":false},{"ty":"tr","p":{"a":0,"k":[413.967,365.91],"ix":2},"a":{"a":0,"k":[0,0],"ix":1},"s":{"a":0,"k":[100,98.147],"ix":3},"r":{"a":0,"k":0,"ix":6},"o":{"a":0,"k":100,"ix":7},"sk":{"a":0,"k":0,"ix":4},"sa":{"a":0,"k":0,"ix":5},"nm":"Transform"}],"nm":"Group 1","np":4,"cix":2,"ix":1,"mn":"ADBE Vector Group","hd":false},{"ty":"gr","it":[{"ind":0,"ty":"sh","ix":1,"ks":{"a":0,"k":{"i":[[0,0],[0,0],[0,0],[6.717,0],[3.677,5.344],[0,10.688],[0,0],[-3.53,5.491],[-6.472,0],[-2.942,-2.549],[-0.883,-5.981],[0,0],[7.403,6.079],[13.335,0],[6.962,-4.266],[3.727,-7.893],[0,-10.54],[0,0],[-8.383,-8.58],[-14.022,0],[-7.647,2.696],[-3.971,4.412],[0,0],[0,0]],"o":[[0,0],[0,0],[-3.284,2.991],[-7.843,0],[-3.628,-5.393],[0,0],[0.049,-10.198],[3.53,-5.491],[5.392,0],[2.942,2.55],[0,0],[-1.226,-12.109],[-7.354,-6.128],[-9.119,0],[-6.913,4.216],[-3.725,7.844],[0,0],[0.589,15.297],[8.384,8.579],[9.119,0],[7.649,-2.696],[0,0],[0,0],[0,0]],"v":[[1.103,14.082],[19.046,14.082],[19.046,30.703],[4.044,35.188],[-13.237,27.173],[-18.679,3.052],[-18.679,-3.419],[-13.311,-26.952],[1.692,-35.189],[14.193,-31.366],[19.929,-18.569],[44.786,-18.569],[31.843,-45.853],[0.809,-55.044],[-23.312,-48.646],[-39.271,-30.482],[-44.859,-2.905],[-44.786,6.361],[-31.328,42.176],[2.28,55.044],[27.43,51],[44.859,40.337],[44.859,-3.641],[1.103,-3.641]],"c":true},"ix":2},"nm":"Path 1","mn":"ADBE Vector Shape - Group","hd":false},{"ty":"fl","c":{"a":0,"k":[0.887653172016,0.460714846849,0,1],"ix":4},"o":{"a":0,"k":100,"ix":5},"r":1,"nm":"Fill 1","mn":"ADBE Vector Graphic - Fill","hd":false},{"ty":"tr","p":{"a":0,"k":[413.967,365.911],"ix":2},"a":{"a":0,"k":[0,0],"ix":1},"s":{"a":0,"k":[100,100],"ix":3},"r":{"a":0,"k":0,"ix":6},"o":{"a":0,"k":100,"ix":7},"sk":{"a":0,"k":0,"ix":4},"sa":{"a":0,"k":0,"ix":5},"nm":"Transform"}],"nm":"Group 2","np":2,"cix":2,"ix":2,"mn":"ADBE Vector Group","hd":false},{"ty":"tr","p":{"a":1,"k":[{"i":{"x":0.667,"y":1},"o":{"x":0.333,"y":0},"n":"0p667_1_0p333_0","t":30,"s":[441.967,370.91],"e":[414.967,365.91],"to":[-4.5,-0.83333331346512],"ti":[4.5,0.83333331346512]},{"t":68}],"ix":2},"a":{"a":0,"k":[413.967,365.91],"ix":1},"s":{"a":0,"k":[100,100],"ix":3},"r":{"a":0,"k":0,"ix":6},"o":{"a":0,"k":100,"ix":7},"sk":{"a":0,"k":0,"ix":4},"sa":{"a":0,"k":0,"ix":5},"nm":"Transform"}],"nm":"外圈 -投影","np":2,"cix":2,"ix":3,"mn":"ADBE Vector Group","hd":false}],"ip":0,"op":70,"st":0,"bm":0},{"ddd":0,"ind":7,"ty":4,"nm":"外圈-投影 2","sr":1,"ks":{"o":{"a":0,"k":100,"ix":11},"r":{"a":1,"k":[{"i":{"x":[0.63],"y":[0.783]},"o":{"x":[0.322],"y":[0.525]},"n":["0p63_0p783_0p322_0p525"],"t":30,"s":[100],"e":[180]},{"i":{"x":[0.833],"y":[1]},"o":{"x":[0.333],"y":[0]},"n":["0p833_1_0p333_0"],"t":66,"s":[180],"e":[180]},{"t":98}],"ix":10},"p":{"a":1,"k":[{"i":{"x":0.833,"y":0.15},"o":{"x":0.196,"y":1},"n":"0p833_0p15_0p196_1","t":30,"s":[409.44,399.94,0],"e":[409.44,398.94,0],"to":[0,0.08333333581686,0],"ti":[-0.60383015871048,-3.58652329444885,0]},{"i":{"x":0.667,"y":1},"o":{"x":0.333,"y":0.324},"n":"0p667_1_0p333_0p324","t":66,"s":[409.44,398.94,0],"e":[424.99,398,0],"to":[1.11352229118347,6.61390161514282,0],"ti":[0,0,0]},{"t":98}],"ix":2},"a":{"a":0,"k":[415,367,0],"ix":1},"s":{"a":1,"k":[{"i":{"x":[0.833,0.833,0.833],"y":[0.833,0.833,0.833]},"o":{"x":[0.167,0.167,0.167],"y":[0.167,0.167,0.167]},"n":["0p833_0p833_0p167_0p167","0p833_0p833_0p167_0p167","0p833_0p833_0p167_0p167"],"t":30,"s":[100,100,100],"e":[100,96,100]},{"t":66}],"ix":6}},"ao":0,"shapes":[{"ty":"gr","it":[{"ind":0,"ty":"sh","ix":1,"ks":{"a":0,"k":{"i":[[-78.7,0],[0,-78.7],[78.701,0],[0,78.701]],"o":[[78.701,0],[0,78.701],[-78.7,0],[0,-78.7]],"v":[[0,-142.5],[142.5,0],[0,142.5],[-142.5,0]],"c":true},"ix":2},"nm":"Path 1","mn":"ADBE Vector Shape - Group","hd":false},{"ty":"fl","c":{"a":0,"k":[1,0.592156887054,0,1],"ix":4},"o":{"a":0,"k":100,"ix":5},"r":1,"nm":"Fill 1","mn":"ADBE Vector Graphic - Fill","hd":false},{"ty":"tr","p":{"a":1,"k":[{"i":{"x":0.833,"y":1},"o":{"x":0.167,"y":0},"n":"0p833_1_0p167_0","t":30,"s":[379.967,365.91],"e":[393.967,365.91],"to":[2.33333325386047,0],"ti":[-5.66666650772095,0]},{"i":{"x":0.833,"y":1},"o":{"x":0.167,"y":0},"n":"0p833_1_0p167_0","t":49,"s":[393.967,365.91],"e":[413.967,365.91],"to":[5.66666650772095,0],"ti":[-3.33333325386047,0]},{"t":66}],"ix":2},"a":{"a":0,"k":[0,0],"ix":1},"s":{"a":1,"k":[{"i":{"x":[0.588,0.588],"y":[0.625,1]},"o":{"x":[0.165,0.165],"y":[0,0]},"n":["0p588_0p625_0p165_0","0p588_1_0p165_0"],"t":30,"s":[0,100],"e":[55.666,100]},{"i":{"x":[0.831,0.831],"y":[1,1]},"o":{"x":[0.421,0.421],"y":[0.784,0]},"n":["0p831_1_0p421_0p784","0p831_1_0p421_0"],"t":49,"s":[55.666,100],"e":[80,100]},{"t":66}],"ix":3},"r":{"a":0,"k":0,"ix":6},"o":{"a":0,"k":100,"ix":7},"sk":{"a":0,"k":0,"ix":4},"sa":{"a":0,"k":0,"ix":5},"nm":"Transform"}],"nm":"圆空 2","np":2,"cix":2,"ix":1,"mn":"ADBE Vector Group","hd":false},{"ty":"gr","it":[{"ind":0,"ty":"sh","ix":1,"ks":{"a":0,"k":{"i":[[-78.7,0],[0,-78.7],[78.701,0],[0,78.701]],"o":[[78.701,0],[0,78.701],[-78.7,0],[0,-78.7]],"v":[[0,-142.5],[142.5,0],[0,142.5],[-142.5,0]],"c":true},"ix":2},"nm":"Path 1","mn":"ADBE Vector Shape - Group","hd":false},{"ty":"fl","c":{"a":0,"k":[1,0.592156887054,0,1],"ix":4},"o":{"a":0,"k":100,"ix":5},"r":1,"nm":"Fill 1","mn":"ADBE Vector Graphic - Fill","hd":false},{"ty":"tr","p":{"a":0,"k":[418.967,365.91],"ix":2},"a":{"a":0,"k":[0,0],"ix":1},"s":{"a":1,"k":[{"i":{"x":[0.833,0.833],"y":[1,1]},"o":{"x":[0.167,0.167],"y":[0,0]},"n":["0p833_1_0p167_0","0p833_1_0p167_0"],"t":30,"s":[0,100],"e":[60,85]},{"t":66}],"ix":3},"r":{"a":0,"k":0,"ix":6},"o":{"a":0,"k":100,"ix":7},"sk":{"a":0,"k":0,"ix":4},"sa":{"a":0,"k":0,"ix":5},"nm":"Transform"}],"nm":"圆空","np":2,"cix":2,"ix":2,"mn":"ADBE Vector Group","hd":false},{"ty":"gr","it":[{"ty":"rc","d":1,"s":{"a":0,"k":[75.688,287.039],"ix":2},"p":{"a":0,"k":[0,0],"ix":3},"r":{"a":0,"k":0,"ix":4},"nm":"Rectangle Path 1","mn":"ADBE Vector Shape - Rect","hd":false},{"ty":"st","c":{"a":0,"k":[1,0.818103027344,0.271875,1],"ix":3},"o":{"a":0,"k":100,"ix":4},"w":{"a":0,"k":0,"ix":5},"lc":1,"lj":1,"ml":4,"ml2":{"a":0,"k":4,"ix":8},"nm":"Stroke 1","mn":"ADBE Vector Graphic - Stroke","hd":false},{"ty":"fl","c":{"a":0,"k":[1,0.592647016048,0,1],"ix":4},"o":{"a":0,"k":100,"ix":5},"r":1,"nm":"Fill 1","mn":"ADBE Vector Graphic - Fill","hd":false},{"ty":"tr","p":{"a":1,"k":[{"i":{"x":0.833,"y":0.833},"o":{"x":0.167,"y":0.167},"n":"0p833_0p833_0p167_0p167","t":30,"s":[399.454,365.802],"e":[404.454,365.802],"to":[0.83333331346512,0],"ti":[-0.83333331346512,0]},{"t":49}],"ix":2},"a":{"a":0,"k":[0,0],"ix":1},"s":{"a":1,"k":[{"i":{"x":[0.833,0.833],"y":[0.833,0.833]},"o":{"x":[0.167,0.167],"y":[0.167,0.167]},"n":["0p833_0p833_0p167_0p167","0p833_0p833_0p167_0p167"],"t":30,"s":[52,98.278],"e":[36,98.278]},{"t":49}],"ix":3},"r":{"a":0,"k":0,"ix":6},"o":{"a":0,"k":100,"ix":7},"sk":{"a":0,"k":0,"ix":4},"sa":{"a":0,"k":0,"ix":5},"nm":"Transform"}],"nm":"Rectangle 1","np":3,"cix":2,"ix":3,"mn":"ADBE Vector Group","hd":false}],"ip":30,"op":70,"st":30,"bm":0},{"ddd":0,"ind":8,"ty":4,"nm":"外圈-投影","sr":1,"ks":{"o":{"a":0,"k":100,"ix":11},"r":{"a":1,"k":[{"i":{"x":[0.683],"y":[0.497]},"o":{"x":[0.285],"y":[0.032]},"n":["0p683_0p497_0p285_0p032"],"t":0,"s":[0],"e":[100]},{"t":30}],"ix":10},"p":{"a":0,"k":[415,367,0],"ix":2},"a":{"a":0,"k":[415,367,0],"ix":1},"s":{"a":0,"k":[100,100,100],"ix":6}},"ao":0,"shapes":[{"ty":"gr","it":[{"ind":0,"ty":"sh","ix":1,"ks":{"a":0,"k":{"i":[[-78.7,0],[0,-78.7],[78.701,0],[0,78.701]],"o":[[78.701,0],[0,78.701],[-78.7,0],[0,-78.7]],"v":[[0,-142.5],[142.5,0],[0,142.5],[-142.5,0]],"c":true},"ix":2},"nm":"Path 1","mn":"ADBE Vector Shape - Group","hd":false},{"ty":"fl","c":{"a":0,"k":[1,0.592156887054,0,1],"ix":4},"o":{"a":0,"k":100,"ix":5},"r":1,"nm":"Fill 1","mn":"ADBE Vector Graphic - Fill","hd":false},{"ty":"tr","p":{"a":1,"k":[{"i":{"x":0.667,"y":1},"o":{"x":0.333,"y":0},"n":"0p667_1_0p333_0","t":0,"s":[413.967,365.91],"e":[448.967,365.91],"to":[5.83333349227905,0],"ti":[-5.83333349227905,0]},{"t":7}],"ix":2},"a":{"a":0,"k":[0,0],"ix":1},"s":{"a":1,"k":[{"i":{"x":[0.667,0.667],"y":[1,1]},"o":{"x":[0.333,0.333],"y":[0,0]},"n":["0p667_1_0p333_0","0p667_1_0p333_0"],"t":0,"s":[100,100],"e":[0,100]},{"t":30}],"ix":3},"r":{"a":0,"k":0,"ix":6},"o":{"a":0,"k":100,"ix":7},"sk":{"a":0,"k":0,"ix":4},"sa":{"a":0,"k":0,"ix":5},"nm":"Transform"}],"nm":"圆空 2","np":2,"cix":2,"ix":1,"mn":"ADBE Vector Group","hd":false},{"ty":"gr","it":[{"ind":0,"ty":"sh","ix":1,"ks":{"a":0,"k":{"i":[[-78.7,0],[0,-78.7],[78.701,0],[0,78.701]],"o":[[78.701,0],[0,78.701],[-78.7,0],[0,-78.7]],"v":[[0,-142.5],[142.5,0],[0,142.5],[-142.5,0]],"c":true},"ix":2},"nm":"Path 1","mn":"ADBE Vector Shape - Group","hd":false},{"ty":"fl","c":{"a":0,"k":[1,0.592156887054,0,1],"ix":4},"o":{"a":0,"k":100,"ix":5},"r":1,"nm":"Fill 1","mn":"ADBE Vector Graphic - Fill","hd":false},{"ty":"tr","p":{"a":0,"k":[413.967,365.91],"ix":2},"a":{"a":0,"k":[0,0],"ix":1},"s":{"a":1,"k":[{"i":{"x":[0.667,0.667],"y":[1,1]},"o":{"x":[0.333,0.333],"y":[0,0]},"n":["0p667_1_0p333_0","0p667_1_0p333_0"],"t":0,"s":[100,100],"e":[75,100]},{"i":{"x":[0.667,0.667],"y":[0.865,1]},"o":{"x":[0.333,0.333],"y":[0,0]},"n":["0p667_0p865_0p333_0","0p667_1_0p333_0"],"t":7,"s":[75,100],"e":[58.505,100]},{"i":{"x":[0.667,0.667],"y":[1,1]},"o":{"x":[0.333,0.333],"y":[0.253,0]},"n":["0p667_1_0p333_0p253","0p667_1_0p333_0"],"t":10,"s":[58.505,100],"e":[0,100]},{"t":30}],"ix":3},"r":{"a":0,"k":0,"ix":6},"o":{"a":0,"k":100,"ix":7},"sk":{"a":0,"k":0,"ix":4},"sa":{"a":0,"k":0,"ix":5},"nm":"Transform"}],"nm":"圆空","np":2,"cix":2,"ix":2,"mn":"ADBE Vector Group","hd":false},{"ty":"gr","it":[{"ty":"rc","d":1,"s":{"a":0,"k":[75.688,287.039],"ix":2},"p":{"a":1,"k":[{"i":{"x":0.667,"y":1},"o":{"x":0.333,"y":0},"n":"0p667_1_0p333_0","t":0,"s":[0,0],"e":[38,0],"to":[4.97281694412231,0],"ti":[-1.36051642894745,0]},{"t":30}],"ix":3},"r":{"a":0,"k":0,"ix":4},"nm":"Rectangle Path 1","mn":"ADBE Vector Shape - Rect","hd":false},{"ty":"st","c":{"a":0,"k":[1,0.818103027344,0.271875,1],"ix":3},"o":{"a":0,"k":100,"ix":4},"w":{"a":0,"k":0,"ix":5},"lc":1,"lj":1,"ml":4,"ml2":{"a":0,"k":4,"ix":8},"nm":"Stroke 1","mn":"ADBE Vector Graphic - Stroke","hd":false},{"ty":"fl","c":{"a":0,"k":[1,0.592647016048,0,1],"ix":4},"o":{"a":0,"k":100,"ix":5},"r":1,"nm":"Fill 1","mn":"ADBE Vector Graphic - Fill","hd":false},{"ty":"tr","p":{"a":0,"k":[413.209,365.672],"ix":2},"a":{"a":0,"k":[0,0],"ix":1},"s":{"a":0,"k":[51,98.278],"ix":3},"r":{"a":0,"k":0,"ix":6},"o":{"a":0,"k":100,"ix":7},"sk":{"a":0,"k":0,"ix":4},"sa":{"a":0,"k":0,"ix":5},"nm":"Transform"}],"nm":"Rectangle 1","np":3,"cix":2,"ix":3,"mn":"ADBE Vector Group","hd":false}],"ip":0,"op":31,"st":0,"bm":0}]}],"layers":[{"ddd":0,"ind":1,"ty":4,"nm":"Shape Layer 1","parent":2,"sr":1,"ks":{"o":{"a":0,"k":100,"ix":11},"r":{"a":1,"k":[{"i":{"x":[0.833],"y":[0.833]},"o":{"x":[0.167],"y":[0.167]},"n":["0p833_0p833_0p167_0p167"],"t":7,"s":[0],"e":[180]},{"t":27}],"ix":10},"p":{"a":0,"k":[328.497,383.732,0],"ix":2},"a":{"a":0,"k":[-164,-44,0],"ix":1},"s":{"a":1,"k":[{"i":{"x":[0.833,0.833,0.833],"y":[0.833,0.833,0.833]},"o":{"x":[0.167,0.167,0.167],"y":[0.167,0.167,0.167]},"n":["0p833_0p833_0p167_0p167","0p833_0p833_0p167_0p167","0p833_0p833_0p167_0p167"],"t":7,"s":[0,0,100],"e":[40,40,100]},{"i":{"x":[0.833,0.833,0.833],"y":[0.833,0.833,0.833]},"o":{"x":[0.167,0.167,0.167],"y":[0.167,0.167,0.167]},"n":["0p833_0p833_0p167_0p167","0p833_0p833_0p167_0p167","0p833_0p833_0p167_0p167"],"t":18,"s":[40,40,100],"e":[0,0,100]},{"t":27}],"ix":6}},"ao":0,"shapes":[{"ty":"gr","it":[{"ty":"sr","sy":1,"d":1,"pt":{"a":0,"k":4,"ix":3},"p":{"a":0,"k":[0,0],"ix":4},"r":{"a":0,"k":147.558,"ix":5},"ir":{"a":0,"k":35.367,"ix":6},"is":{"a":0,"k":0,"ix":8},"or":{"a":0,"k":70.735,"ix":7},"os":{"a":0,"k":0,"ix":9},"ix":1,"nm":"Polystar Path 1","mn":"ADBE Vector Shape - Star","hd":false},{"ty":"st","c":{"a":0,"k":[0,0.325489986644,0.588234994926,1],"ix":3},"o":{"a":0,"k":100,"ix":4},"w":{"a":0,"k":8,"ix":5},"lc":1,"lj":1,"ml":4,"ml2":{"a":0,"k":4,"ix":8},"nm":"Stroke 1","mn":"ADBE Vector Graphic - Stroke","hd":true},{"ty":"fl","c":{"a":0,"k":[1,1,1,1],"ix":4},"o":{"a":0,"k":100,"ix":5},"r":1,"nm":"Fill 1","mn":"ADBE Vector Graphic - Fill","hd":false},{"ty":"tr","p":{"a":0,"k":[-164,-44],"ix":2},"a":{"a":0,"k":[0,0],"ix":1},"s":{"a":0,"k":[100,100],"ix":3},"r":{"a":0,"k":0,"ix":6},"o":{"a":0,"k":100,"ix":7},"sk":{"a":0,"k":0,"ix":4},"sa":{"a":0,"k":0,"ix":5},"nm":"Transform"}],"nm":"Polystar 1","np":3,"cix":2,"ix":1,"mn":"ADBE Vector Group","hd":false}],"ip":0,"op":70,"st":0,"bm":0},{"ddd":0,"ind":2,"ty":0,"nm":"Pre-comp 1","refId":"comp_0","sr":1,"ks":{"o":{"a":0,"k":100,"ix":11},"r":{"a":0,"k":0,"ix":10},"p":{"s":true,"x":{"a":1,"k":[{"i":{"x":[0.612],"y":[-0.265]},"o":{"x":[0.01],"y":[0]},"n":["0p612_-0p265_0p01_0"],"t":0,"s":[400],"e":[396.102]},{"i":{"x":[0.854],"y":[0.307]},"o":{"x":[0.399],"y":[0.303]},"n":["0p854_0p307_0p399_0p303"],"t":21,"s":[396.102],"e":[369]},{"t":55}],"ix":3},"y":{"a":1,"k":[{"i":{"x":[0.416],"y":[1]},"o":{"x":[0.01],"y":[0.14]},"n":["0p416_1_0p01_0p14"],"t":0,"s":[993],"e":[400]},{"i":{"x":[0.983],"y":[0.901]},"o":{"x":[0.699],"y":[0]},"n":["0p983_0p901_0p699_0"],"t":21,"s":[400],"e":[919.295]},{"t":55}],"ix":4}},"a":{"a":0,"k":[400,400,0],"ix":1},"s":{"a":1,"k":[{"i":{"x":[0.667,0.667,0.667],"y":[1,1,1]},"o":{"x":[0.333,0.333,0.333],"y":[0,0,0]},"n":["0p667_1_0p333_0","0p667_1_0p333_0","0p667_1_0p333_0"],"t":0,"s":[0,0,100],"e":[100,100,100]},{"i":{"x":[0.667,0.667,0.667],"y":[1,1,1]},"o":{"x":[0.333,0.333,0.333],"y":[0,0,0]},"n":["0p667_1_0p333_0","0p667_1_0p333_0","0p667_1_0p333_0"],"t":21,"s":[100,100,100],"e":[80,80,100]},{"t":55}],"ix":6}},"ao":0,"w":800,"h":800,"ip":0,"op":70,"st":0,"bm":0},{"ddd":0,"ind":3,"ty":4,"nm":"Shape Layer 2","sr":1,"ks":{"o":{"a":1,"k":[{"i":{"x":[0.833],"y":[0.833]},"o":{"x":[0.167],"y":[0.167]},"n":["0p833_0p833_0p167_0p167"],"t":9,"s":[0],"e":[100]},{"i":{"x":[0.833],"y":[0.833]},"o":{"x":[0.167],"y":[0.167]},"n":["0p833_0p833_0p167_0p167"],"t":13,"s":[100],"e":[100]},{"i":{"x":[0.833],"y":[0.833]},"o":{"x":[0.167],"y":[0.167]},"n":["0p833_0p833_0p167_0p167"],"t":24,"s":[100],"e":[0]},{"t":36}],"ix":11},"r":{"a":0,"k":0,"ix":10},"p":{"s":true,"x":{"a":1,"k":[{"i":{"x":[0.833],"y":[0.833]},"o":{"x":[0.167],"y":[0.167]},"n":["0p833_0p833_0p167_0p167"],"t":9,"s":[412.939],"e":[412.939]},{"i":{"x":[0.833],"y":[0.833]},"o":{"x":[0.167],"y":[0.167]},"n":["0p833_0p833_0p167_0p167"],"t":18,"s":[412.939],"e":[412.939]},{"t":36}],"ix":3},"y":{"a":1,"k":[{"i":{"x":[0.415],"y":[1]},"o":{"x":[0.167],"y":[0.167]},"n":["0p415_1_0p167_0p167"],"t":9,"s":[367.162],"e":[327.162]},{"i":{"x":[0.556],"y":[0.144]},"o":{"x":[0.396],"y":[0]},"n":["0p556_0p144_0p396_0"],"t":18,"s":[327.162],"e":[397.162]},{"t":36}],"ix":4}},"a":{"a":0,"k":[117.373,-95.173,0],"ix":1},"s":{"a":1,"k":[{"i":{"x":[0.4,0.4,0.833],"y":[1,1,0.711]},"o":{"x":[0.159,0.159,0.333],"y":[0.4,0.48,0]},"n":["0p4_1_0p159_0p4","0p4_1_0p159_0p48","0p833_0p711_0p333_0"],"t":9,"s":[56.001,46.676,100],"e":[70.398,58.676,100]},{"t":36}],"ix":6}},"ao":0,"shapes":[{"ty":"gr","it":[{"ty":"gr","it":[{"ind":0,"ty":"sh","ix":1,"ks":{"a":0,"k":{"i":[[0,0],[0,0]],"o":[[0,0],[0,0]],"v":[[-303.94,-3.93],[-294.118,16.959]],"c":false},"ix":2},"nm":"Path 1","mn":"ADBE Vector Shape - Group","hd":false},{"ty":"st","c":{"a":0,"k":[0.972273290157,0,0.82893460989,1],"ix":3},"o":{"a":0,"k":100,"ix":4},"w":{"a":0,"k":8,"ix":5},"lc":2,"lj":2,"nm":"Stroke 1","mn":"ADBE Vector Graphic - Stroke","hd":false},{"ty":"fl","c":{"a":0,"k":[1,0,0,1],"ix":4},"o":{"a":0,"k":100,"ix":5},"r":1,"nm":"Fill 1","mn":"ADBE Vector Graphic - Fill","hd":true},{"ty":"tr","p":{"a":0,"k":[0,0],"ix":2},"a":{"a":0,"k":[0,0],"ix":1},"s":{"a":0,"k":[100,100],"ix":3},"r":{"a":0,"k":0,"ix":6},"o":{"a":0,"k":100,"ix":7},"sk":{"a":0,"k":0,"ix":4},"sa":{"a":0,"k":0,"ix":5},"nm":"Transform"}],"nm":"Shape 2","np":3,"cix":2,"ix":1,"mn":"ADBE Vector Group","hd":false},{"ty":"gr","it":[{"ind":0,"ty":"sh","ix":1,"ks":{"a":0,"k":{"i":[[0,0],[0,0]],"o":[[0,0],[0,0]],"v":[[-306.622,11.603],[-290.099,0.355]],"c":false},"ix":2},"nm":"Path 1","mn":"ADBE Vector Shape - Group","hd":false},{"ty":"st","c":{"a":0,"k":[0.972549021244,0,0.827450990677,1],"ix":3},"o":{"a":0,"k":100,"ix":4},"w":{"a":0,"k":8,"ix":5},"lc":2,"lj":2,"nm":"Stroke 1","mn":"ADBE Vector Graphic - Stroke","hd":false},{"ty":"fl","c":{"a":0,"k":[1,0,0,1],"ix":4},"o":{"a":0,"k":100,"ix":5},"r":1,"nm":"Fill 1","mn":"ADBE Vector Graphic - Fill","hd":true},{"ty":"tr","p":{"a":0,"k":[0,0],"ix":2},"a":{"a":0,"k":[0,0],"ix":1},"s":{"a":0,"k":[100.457,100],"ix":3},"r":{"a":0,"k":0,"ix":6},"o":{"a":0,"k":100,"ix":7},"sk":{"a":0,"k":0,"ix":4},"sa":{"a":0,"k":0,"ix":5},"nm":"Transform"}],"nm":"Shape 1","np":3,"cix":2,"ix":2,"mn":"ADBE Vector Group","hd":false},{"ty":"tr","p":{"a":1,"k":[{"i":{"x":0.289,"y":0.995},"o":{"x":0.333,"y":0},"n":"0p289_0p995_0p333_0","t":9,"s":[-139.044,-34.827],"e":[-359.044,-244.827],"to":[-36.6666679382324,-35],"ti":[36.6666679382324,35]},{"t":36}],"ix":2},"a":{"a":0,"k":[-298.583,6.515],"ix":1},"s":{"a":0,"k":[100,100],"ix":3},"r":{"a":0,"k":0,"ix":6},"o":{"a":0,"k":100,"ix":7},"sk":{"a":0,"k":0,"ix":4},"sa":{"a":0,"k":0,"ix":5},"nm":"Transform"}],"nm":"Group 1","np":2,"cix":2,"ix":1,"mn":"ADBE Vector Group","hd":false},{"ty":"gr","it":[{"d":1,"ty":"el","s":{"a":0,"k":[13.866,13.866],"ix":2},"p":{"a":0,"k":[9,118],"ix":3},"nm":"Ellipse Path 1","mn":"ADBE Vector Shape - Ellipse","hd":false},{"ty":"st","c":{"a":0,"k":[0.354300111532,0.021612064913,0.646875023842,1],"ix":3},"o":{"a":0,"k":100,"ix":4},"w":{"a":0,"k":6,"ix":5},"lc":1,"lj":1,"ml":4,"ml2":{"a":0,"k":4,"ix":8},"nm":"Stroke 2","mn":"ADBE Vector Graphic - Stroke","hd":false},{"ty":"tr","p":{"a":1,"k":[{"i":{"x":0.19,"y":0.988},"o":{"x":0.333,"y":0},"n":"0p19_0p988_0p333_0","t":9,"s":[-45.338,-83.822],"e":[-149.968,-366.874],"to":[-17.4383316040039,-47.1754417419434],"ti":[17.4383316040039,47.1754417419434]},{"t":36}],"ix":2},"a":{"a":0,"k":[9,118],"ix":1},"s":{"a":0,"k":[262,262],"ix":3},"r":{"a":0,"k":0,"ix":6},"o":{"a":0,"k":100,"ix":7},"sk":{"a":0,"k":0,"ix":4},"sa":{"a":0,"k":0,"ix":5},"nm":"Transform"}],"nm":"Group 2","np":2,"cix":2,"ix":2,"mn":"ADBE Vector Group","hd":false},{"ty":"gr","it":[{"ty":"gr","it":[{"d":1,"ty":"el","s":{"a":0,"k":[13.866,13.866],"ix":2},"p":{"a":0,"k":[6,-44],"ix":3},"nm":"Ellipse Path 2","mn":"ADBE Vector Shape - Ellipse","hd":false},{"ty":"st","c":{"a":0,"k":[0.055337116122,0.796737134457,0.619905173779,1],"ix":3},"o":{"a":0,"k":100,"ix":4},"w":{"a":0,"k":6,"ix":5},"lc":1,"lj":1,"ml":4,"ml2":{"a":0,"k":4,"ix":8},"nm":"Stroke 1","mn":"ADBE Vector Graphic - Stroke","hd":false},{"ty":"tr","p":{"a":0,"k":[0,67],"ix":2},"a":{"a":0,"k":[0,0],"ix":1},"s":{"a":0,"k":[100,100],"ix":3},"r":{"a":0,"k":0,"ix":6},"o":{"a":0,"k":100,"ix":7},"sk":{"a":0,"k":0,"ix":4},"sa":{"a":0,"k":0,"ix":5},"nm":"Transform"}],"nm":"Group 2","np":2,"cix":2,"ix":1,"mn":"ADBE Vector Group","hd":false},{"ty":"tr","p":{"a":1,"k":[{"i":{"x":0.096,"y":0.974},"o":{"x":0.333,"y":0},"n":"0p096_0p974_0p333_0","t":9,"s":[40.216,82.35],"e":[568.054,-5.566],"to":[87.9728927612305,-14.652533531189],"ti":[-87.9728927612305,14.652533531189]},{"t":36}],"ix":2},"a":{"a":0,"k":[0,0],"ix":1},"s":{"a":0,"k":[272,272],"ix":3},"r":{"a":0,"k":0,"ix":6},"o":{"a":0,"k":100,"ix":7},"sk":{"a":0,"k":0,"ix":4},"sa":{"a":0,"k":0,"ix":5},"nm":"Transform"}],"nm":"Ellipse 1","np":1,"cix":2,"ix":3,"mn":"ADBE Vector Group","hd":false},{"ty":"gr","it":[{"ty":"sr","sy":1,"d":1,"pt":{"a":0,"k":3,"ix":3},"p":{"a":0,"k":[0,0],"ix":4},"r":{"a":0,"k":180.428,"ix":5},"ir":{"a":0,"k":15.164,"ix":6},"is":{"a":0,"k":0,"ix":8},"or":{"a":0,"k":30.329,"ix":7},"os":{"a":0,"k":0,"ix":9},"ix":1,"nm":"Polystar Path 1","mn":"ADBE Vector Shape - Star","hd":false},{"ty":"st","c":{"a":0,"k":[0.229919239879,0.923468112946,0.849268615246,1],"ix":3},"o":{"a":0,"k":100,"ix":4},"w":{"a":0,"k":8,"ix":5},"lc":2,"lj":2,"nm":"Stroke 1","mn":"ADBE Vector Graphic - Stroke","hd":false},{"ty":"fl","c":{"a":0,"k":[0,0.873054563999,0.604799032211,1],"ix":4},"o":{"a":0,"k":100,"ix":5},"r":1,"nm":"Fill 1","mn":"ADBE Vector Graphic - Fill","hd":true},{"ty":"tr","p":{"a":1,"k":[{"i":{"x":0.105,"y":1},"o":{"x":0.333,"y":0},"n":"0p105_1_0p333_0","t":9,"s":[-15.612,200.11],"e":[-263.424,175.933],"to":[-41.3021049499512,-4.02962112426758],"ti":[41.3021049499512,4.02962112426758]},{"t":36}],"ix":2},"a":{"a":0,"k":[0,0],"ix":1},"s":{"a":0,"k":[50,50],"ix":3},"r":{"a":0,"k":20,"ix":6},"o":{"a":0,"k":100,"ix":7},"sk":{"a":0,"k":0,"ix":4},"sa":{"a":0,"k":0,"ix":5},"nm":"Transform"}],"nm":"Polystar 2","np":3,"cix":2,"ix":4,"mn":"ADBE Vector Group","hd":false},{"ty":"gr","it":[{"ty":"sr","sy":1,"d":1,"pt":{"a":0,"k":3,"ix":3},"p":{"a":0,"k":[0,0],"ix":4},"r":{"a":0,"k":180.428,"ix":5},"ir":{"a":0,"k":15.164,"ix":6},"is":{"a":0,"k":0,"ix":8},"or":{"a":0,"k":30.329,"ix":7},"os":{"a":0,"k":0,"ix":9},"ix":1,"nm":"Polystar Path 1","mn":"ADBE Vector Shape - Star","hd":false},{"ty":"st","c":{"a":0,"k":[1,0.917757281135,0.795940563725,1],"ix":3},"o":{"a":0,"k":100,"ix":4},"w":{"a":0,"k":8,"ix":5},"lc":2,"lj":2,"nm":"Stroke 1","mn":"ADBE Vector Graphic - Stroke","hd":false},{"ty":"fl","c":{"a":0,"k":[1,1,1,1],"ix":4},"o":{"a":0,"k":100,"ix":5},"r":1,"nm":"Fill 1","mn":"ADBE Vector Graphic - Fill","hd":true},{"ty":"tr","p":{"a":1,"k":[{"i":{"x":0.044,"y":1},"o":{"x":0.333,"y":0},"n":"0p044_1_0p333_0","t":9,"s":[79.127,-17.263],"e":[494.467,-267.912],"to":[69.2231979370117,-41.774715423584],"ti":[-69.2231979370117,41.774715423584]},{"t":36}],"ix":2},"a":{"a":0,"k":[0,0],"ix":1},"s":{"a":0,"k":[78,78],"ix":3},"r":{"a":0,"k":20,"ix":6},"o":{"a":0,"k":100,"ix":7},"sk":{"a":0,"k":0,"ix":4},"sa":{"a":0,"k":0,"ix":5},"nm":"Transform"}],"nm":"Polystar 1","np":3,"cix":2,"ix":5,"mn":"ADBE Vector Group","hd":false}],"ip":9,"op":79,"st":9,"bm":0},{"ddd":0,"ind":4,"ty":4,"nm":"Shape Layer 3","parent":2,"sr":1,"ks":{"o":{"a":1,"k":[{"i":{"x":[0.833],"y":[0.833]},"o":{"x":[0.167],"y":[0.167]},"n":["0p833_0p833_0p167_0p167"],"t":13,"s":[50],"e":[0]},{"t":23}],"ix":11},"r":{"a":0,"k":0,"ix":10},"p":{"a":0,"k":[418.496,569.808,0],"ix":2},"a":{"a":0,"k":[28,200,0],"ix":1},"s":{"a":0,"k":[100.051,100.051,100],"ix":6}},"ao":0,"shapes":[{"ty":"gr","it":[{"ind":0,"ty":"sh","ix":1,"ks":{"a":0,"k":{"i":[[0,0],[0,0],[-40,-266]],"o":[[0,0],[0,0],[92,-312]],"v":[[120,-38],[-64,74],[62,462]],"c":true},"ix":2},"nm":"Path 1","mn":"ADBE Vector Shape - Group","hd":false},{"ty":"st","c":{"a":0,"k":[1,0.917757281135,0.795940563725,1],"ix":3},"o":{"a":0,"k":100,"ix":4},"w":{"a":0,"k":8,"ix":5},"lc":1,"lj":1,"ml":4,"ml2":{"a":0,"k":4,"ix":8},"nm":"Stroke 1","mn":"ADBE Vector Graphic - Stroke","hd":true},{"ty":"gf","o":{"a":0,"k":100,"ix":10},"r":1,"g":{"p":3,"k":{"a":0,"k":[0,0.432,0,1,0.5,0.559,0,1,1,0.686,0,1,0,1,0.5,0.5,1,0],"ix":9}},"s":{"a":0,"k":[0,0],"ix":5},"e":{"a":0,"k":[235,140],"ix":6},"t":1,"nm":"Gradient Fill 1","mn":"ADBE Vector Graphic - G-Fill","hd":false},{"ty":"tr","p":{"a":0,"k":[0,0],"ix":2},"a":{"a":0,"k":[0,0],"ix":1},"s":{"a":0,"k":[100,100],"ix":3},"r":{"a":0,"k":0,"ix":6},"o":{"a":0,"k":100,"ix":7},"sk":{"a":0,"k":0,"ix":4},"sa":{"a":0,"k":0,"ix":5},"nm":"Transform"}],"nm":"Shape 1","np":3,"cix":2,"ix":1,"mn":"ADBE Vector Group","hd":false}],"ip":0,"op":70,"st":0,"bm":0}],"markers":[]}